feature_id,assay_id,auc,subject_id,sample_id,condition,sample_type,injection_order
CHEBI:24996,MS1,115,SUBJ1,S1,control,biological,1
CHEBI:30031,MS1,420,SUBJ1,S1,control,biological,1
CHEBI:16828,MS1,625,SUBJ1,S1,control,biological,1
CHEBI:24996,MS2,124,SUBJ2,S2,control,biological,2
CHEBI:30031,MS2,405,SUBJ2,S2,control,biological,2
CHEBI:16828,MS2,646,SUBJ2,S2,control,biological,2
CHEBI:24996,MS3,109,SUBJ3,S3,control,biological,3
CHEBI:30031,MS3,435,SUBJ3,S3,control,biological,3
CHEBI:16828,MS3,610,SUBJ3,S3,control,biological,3
CHEBI:24996,MS4,132,SUBJ4,S4,control,biological,4
CHEBI:30031,MS4,412,SUBJ4,S4,control,biological,4
CHEBI:16828,MS4,639,SUBJ4,S4,control,biological,4
CHEBI:24996,MS5,280,SUBJ5,S5,treatment,biological,5
CHEBI:30031,MS5,250,SUBJ5,S5,treatment,biological,5
CHEBI:16828,MS5,585,SUBJ5,S5,treatment,biological,5
CHEBI:24996,MS6,310,SUBJ6,S6,treatment,biological,6
CHEBI:30031,MS6,260,SUBJ6,S6,treatment,biological,6
CHEBI:16828,MS6,590,SUBJ6,S6,treatment,biological,6
CHEBI:24996,MS7,295,SUBJ7,S7,treatment,biological,7
CHEBI:30031,MS7,245,SUBJ7,S7,treatment,biological,7
CHEBI:16828,MS7,571,SUBJ7,S7,treatment,biological,7
CHEBI:24996,MS8,335,SUBJ8,S8,treatment,biological,8
CHEBI:30031,MS8,270,SUBJ8,S8,treatment,biological,8
CHEBI:16828,MS8,598,SUBJ8,S8,treatment,biological,8
